,dates,hour,Daikin.Energy,Pump.Energy,Resistance.Energy,Daikin.Power,Pump.Power,Resistance.Power,Daikin.Heat.Added,Pump.Power.30min,Daikin.Power.10min,City.Water.Temp,Recirc.Return.Temp,Water.HX.Outlet.Temp,Water.To.Fixtures.Temp,Water.To.TrimTank.Temp,Garage.Temp,Water.HX.Inlet.Temp,value,Recirc.Flow,HX.Loop.Flow,Garage.RH,timestep_sum,peak_volumes,peak_hours,peak_norm,site
0,2016-04-20,276,0.0,0.0,0.0,0.0,0.0,0.0,10790.70407079972,0.0,0.0,789.3285714285715,2929.704155367231,2901.6278967465396,3006.3345000000004,2863.8636666666657,1612.4653333333333,2896.5903333333317,181.76400000000007,92.60000000000001,350.41306666666685,1247.4199999999996,24,59.840000000000046,8,0.3292181069958849,growA
1,2016-04-21,276,0.0,0.0,0.0,0.0,0.0,0.0,11104.410718171159,0.0,0.0,725.7322243589745,2934.0366525423733,2902.126166666667,3012.2868757062142,2861.996000000001,1608.943666666667,2896.939333333333,132.3959999999999,92.26666666666662,350.3008666666664,1238.1606666666664,24,35.90399999999994,7,0.27118644067796577,growA
2,2016-04-22,276,0.0,0.0,0.0,0.0,0.0,0.0,10941.363689999383,0.0,0.0,979.1298403361344,2925.627276836157,2902.434296610171,3003.795525423731,2864.6958333333346,1586.9263333333333,2897.3208333333346,178.77200000000002,92.03333333333327,350.30086666666676,1331.6443333333334,24,44.13199999999998,8,0.24686192468619228,growA
3,2016-04-23,276,0.0,0.0,0.0,0.0,0.0,0.0,11978.252747729848,0.0,0.0,977.9010093167701,2922.499484706798,2903.1737627118628,3002.407666666666,2864.17633333333,1555.0150000000008,2897.565166666666,195.9760000000001,91.74999999999994,350.00166666666667,1328.8893333333333,24,79.28800000000004,9,0.4045801526717557,growA
4,2016-04-26,276,0.0,0.0,0.0,0.0,0.0,0.0,12542.712122510777,0.0,0.0,839.6201249999999,2921.132698791104,2904.116002824857,3004.693666666667,2864.051,1504.0055000000002,2898.2353333333326,177.27599999999995,93.08333333333336,349.36586666666665,1146.64,24,65.82399999999996,8,0.371308016877637,growA
5,2016-04-27,276,0.0,0.0,0.0,0.0,0.0,0.0,12703.92181688159,0.0,0.0,947.9733380018674,2926.4469999999988,2904.3506666666663,3010.2691666666656,2861.8151666666663,1501.5611666666668,2898.4048333333353,127.90799999999999,93.48333333333338,349.35340000000014,1226.992666666667,24,35.15599999999998,19,0.2748538011695905,growA
6,2016-04-28,276,0.0,0.0,0.0,0.0,0.0,0.0,11633.278374443133,0.0,0.0,776.9982692307692,2925.690375706213,2903.4176666666667,3009.4523333333336,2861.440833333333,1512.3666666666663,2897.967999999998,126.41199999999999,93.85000000000005,349.24119999999994,1295.1831666666667,24,44.131999999999984,8,0.34911242603550285,growA
7,2016-04-29,276,0.0,0.0,0.0,0.0,0.0,0.0,12716.573978194607,0.0,0.0,853.8915778388279,2923.55229026321,2904.725166666667,3007.3184999999976,2862.9319999999993,1496.2986666666668,2898.763666666666,141.37199999999993,94.15000000000006,349.1165333333335,1290.6138333333333,24,39.643999999999984,8,0.2804232804232804,growA
8,2016-04-30,276,0.0,0.0,0.0,0.0,0.0,0.0,12954.314005848735,0.0,0.0,912.7959444444444,2924.202821644262,2904.417604519775,3008.285999999999,2862.1173333333336,1501.9123333333332,2898.3335000000006,128.65600000000003,94.40003333333331,348.8675500000001,1235.7056666666667,24,41.887999999999984,8,0.325581395348837,growA
9,2016-05-03,276,0.0,0.0,0.0,0.0,0.0,0.0,10074.929564726675,0.0,0.0,712.4717222222222,2937.4660556204976,2901.7553813559302,3016.6150508474548,2860.727833333335,1609.543666666667,2897.0224999999996,98.73600000000009,94.5,348.6428,1287.4896666666668,24,40.39200000000005,7,0.4090909090909093,growA
10,2016-05-04,276,0.0,0.0,0.0,0.0,0.0,0.0,13067.3343402501,0.0,0.0,848.9131666666667,2931.6515169491518,2912.3091315789475,3013.042166666669,2872.504203389829,1566.6666666666663,2906.1768070175417,138.35499999999996,94.58336666666668,348.6177999999999,1234.6908333333329,24,52.33500000000001,7,0.37826605471432195,growA
11,2016-05-05,276,0.0,0.0,0.0,0.0,0.0,0.0,11729.79681313012,0.0,0.0,681.3989523809524,2929.344552898172,2902.6050000000014,3011.710833333333,2861.2055000000005,1562.099666666667,2897.1006666666644,127.90800000000002,94.33333333333336,348.779933333333,1240.3716666666664,24,51.611999999999995,8,0.40350877192982454,growA
12,2016-05-06,276,0.0,0.0,0.0,0.0,0.0,0.0,11387.476782229194,0.0,0.0,561.0236269841271,2928.8338732544485,2901.9184276729584,3010.4040346444963,2862.096801886791,1584.1102138364774,2896.5745188679234,131.59154716981138,94.12558490566042,348.70725031446545,1065.835182389937,24,58.344,7,0.4433719433719432,growA
13,2016-05-07,276,0.0,0.0,0.0,0.0,0.0,0.0,11590.11110152403,0.0,0.0,729.4785411255409,2932.0676242937852,2901.9161666666664,3011.666833333334,2862.5263333333323,1610.7214378531073,2896.478333333331,140.62400000000002,96.06666666666668,348.6427999999998,1103.0691666666667,24,51.611999999999995,8,0.36702127659574457,growA
14,2016-05-10,276,0.0,0.0,0.0,0.0,0.0,0.0,10969.875057237628,0.0,0.0,849.8629761904762,2930.3025503552867,2902.4014124293776,3011.7088926553674,2862.1546666666673,1572.446985875706,2897.252833333334,157.07999999999998,94.36666666666667,348.7799333333332,1039.0526666666667,24,37.40000000000003,8,0.23809523809523825,growA
15,2016-05-11,276,0.0,0.0,0.0,0.0,0.0,0.0,9942.752781326126,0.0,0.0,857.2901363636363,2933.0208700564954,2901.6863079096047,3013.4488333333334,2862.410666666666,1592.2493248587573,2897.0129999999976,132.39600000000002,94.58333333333334,348.5430666666665,929.1903333333332,24,41.14000000000002,7,0.31073446327683624,growA
16,2016-05-13,276,0.0,0.0,0.0,0.0,0.0,0.0,73275.58371617497,0.0,0.0,1112.0445833333335,2754.3991666666666,3104.441559322035,2807.2816666666663,3119.3494999999975,1594.6937853107338,3070.195861581924,184.00800000000012,96.55000000000001,348.8048666666669,1255.724833333333,24,67.32000000000006,8,0.36585365853658547,growA
17,2016-05-14,276,0.0,0.0,0.0,0.0,0.0,0.0,75330.71031987206,0.0,0.0,980.2072222222222,2748.5018333333323,3096.639579096045,2802.208666666668,3115.3285000000024,1555.905081920904,3061.4518050847473,173.536,96.48333333333336,348.89213333333356,1463.094,24,44.13199999999998,8,0.2543103448275861,growA
18,2016-05-17,276,0.0,0.0,0.0,0.0,0.0,0.0,73215.54834455064,0.0,0.0,981.3569999999999,2750.290666666668,3097.684333333334,2805.7026666666648,3115.731499999999,1525.2671666666665,3063.6407824858775,152.5919999999999,96.61666666666666,350.0141333333336,1423.9058333333332,24,42.635999999999996,21,0.27941176470588247,growA
19,2016-05-18,276,14950725.78,1061145.78,9061907.040000001,69.99999999970909,2788.5714285716554,0.0,73695.79282931128,2788.666666666595,139.999999999418,801.5737619047619,2749.726833333334,3083.449641242939,2805.2791666666676,3112.3001666666682,1520.7191666666668,3049.293664815898,151.83200000000002,96.56673333333333,350.67495,1432.3913333333333,24,59.09199999999996,8,0.38919331893145026,growA
20,2016-05-19,276,37770621.36,2687503.58,22853145.599999994,180.00000000029144,6680.000000000067,0.0,72532.55723307568,6674.666666666678,366.00000000071356,803.5573333333331,2750.517666666666,3080.5288163841806,2807.1588333333343,3113.017166666663,1477.6651666666667,3046.7731864406796,130.15199999999993,96.66666666666666,351.1860000000001,1437.3606666666665,24,53.107999999999976,8,0.4080459770114943,growA
21,2016-05-20,276,37771173.199999996,2697108.0700000003,22853145.599999994,200.000000000728,6659.999999999859,0.0,76096.24610076993,6658.666666666606,394.00000000132457,917.7507261904763,2749.811833333333,3090.818115624392,2806.489166666666,3112.0481666666647,1467.913,3055.4081440677974,130.74000000000004,96.61876666666664,351.5355833333332,1449.9345,24,48.61999999999999,8,0.3718831268165823,growA
22,2016-05-21,276,37771728.86,2706701.4600000004,22853145.599999994,190.00000000050977,6670.000000000076,0.0,70026.09335152403,6669.333333333384,380.00000000101915,920.5311111111112,2753.5711666666675,3093.4801666666667,2810.3279999999986,3116.3183333333354,1449.7493333333332,3060.908499999999,109.208,96.63340000000001,351.9089333333333,1640.8581666666669,24,35.15599999999998,20,0.32191780821917787,growA
23,2016-05-24,276,37773402.72,2735506.1599999997,22853145.599999994,180.0000000002914,6640.000000000103,0.0,71879.68303744012,6641.3333333333785,360.00000000058265,840.7931547619046,2751.8866666666677,3085.7659067796594,2808.369999999999,3114.294000000002,1479.0526666666665,3052.3467485875713,151.09599999999992,96.35010000000005,352.1960166666666,1596.1881666666673,24,45.62799999999997,9,0.30198019801980197,growA
24,2016-05-25,276,37773983.96000001,2745062.8299999996,22853145.599999994,219.99999999934565,6639.999999999876,0.0,83424.70496774481,6635.999999999966,439.9999999986909,916.7201865079364,2740.207833333335,3104.6245112994347,2796.183500000001,3115.8590000000036,1464.5648333333331,3065.985255308785,207.196,96.03351666666667,352.4576499999997,1598.2308333333335,24,71.05999999999997,9,0.3429602888086642,growA
25,2016-05-26,276,37774566.760000005,2754653.659999999,22853145.599999994,190.00000000050974,6670.000000000076,0.0,79424.42426566257,6670.666666666651,380.000000001019,769.5923777056279,2743.6663333333317,3097.9164180790976,2800.218666666667,3115.6184999999996,1442.977333333333,3061.268056497176,170.54400000000004,96.18336666666669,352.8068166666665,1491.2350000000004,24,48.61999999999999,12,0.2850877192982455,growA
26,2016-05-27,276,37775108.13999999,2764265.62,22853145.599999994,199.99999999890898,6690.000000000058,0.0,81347.75356312205,6685.333333333391,399.9999999978175,954.3681282051283,2743.144833333334,3095.4840508474585,2800.604166666668,3116.431166666667,1442.363,3057.8279830508463,175.03199999999998,96.15018333333336,353.08098333333345,1382.8138333333334,24,42.635999999999996,8,0.24358974358974358,growA
27,2016-05-28,276,37775665.86,2773875.9300000006,22854214.42000001,180.00000000029132,6660.000000000085,1120.0000000008001,76383.6405585759,6662.333333333307,360.0000000005824,836.3837644110276,2740.9648333333325,3092.3796129943507,2798.4396666666676,3113.9261666666657,1423.8000000000002,3057.0393728813583,205.68799999999996,96.13340000000001,353.09369999999996,1642.963166666667,24,74.79999999999997,8,0.3636575784683598,growA
28,2016-05-31,276,37777302.699999996,2802673.49,22854758.400000006,179.99999999847242,6649.999999999867,0.0,81059.70767864263,6648.333333333313,359.9999999969445,1025.878349206349,2743.550833333333,3100.651073446328,2799.2254999999996,3115.512666666667,1494.9833107344632,3063.144053672317,189.90699999999998,96.58148333333332,353.7988499999999,1434.9800000000002,24,48.43999999999998,7,0.2550722195601004,growA
29,2016-06-02,276,37778378.580000006,2821863.920000001,22854758.400000006,180.0000000002914,6660.0000000000855,0.0,71094.7766984173,6660.000000000081,360.0000000005826,843.9991687552214,2750.394833333329,3105.3405000000016,2803.6871666666652,3117.2944999999972,1536.5988333333332,3072.453333333333,181.01600000000005,96.1597166666667,353.6555833333335,1567.5983333333334,24,68.81600000000006,9,0.3801652892561985,growA
30,2016-06-03,276,37778913.58,2831454.3299999996,22854758.400000006,190.00000000050977,6659.999999999858,0.0,79528.3959267063,6652.333333333278,380.00000000101915,1248.756692640693,2752.245,3113.2844491525416,2805.9151666666644,3120.1366666666668,1557.7854999999997,3076.726357977791,198.96799999999996,95.85183333333332,353.7177166666666,1499.4293333333335,24,59.83999999999997,8,0.30075187969924805,growA
31,2016-06-04,276,37779414.72,2841002.66,22854758.400000006,170.0000000000731,6500.000000000004,0.0,76640.81327857866,6498.000000000002,350.0000000003641,1049.0254144385026,2751.510499999999,3089.1915790960456,2803.405000000003,3112.846833333333,1623.9089999999999,3045.4564943502855,196.724,95.59999999999998,342.13519999999994,1451.8568333333337,24,63.580000000000034,8,0.32319391634981004,growA
32,2016-06-07,276,37780701.84,2867884.1200000006,22854758.400000006,150.00000000145553,6269.999999999985,0.0,65712.1233152006,6260.999999999989,300.0000000029109,867.4015,2769.3004999999994,3060.7065225988686,2820.3403333333354,3102.9216666666657,1665.6393333333338,3002.749372881354,111.48300000000005,95.5505333333333,323.22383333333335,1217.2278333333336,24,38.925,7,0.349156373617502,growA
33,2016-06-08,276,37781124.14,2876637.2200000007,22854758.400000006,149.99999999963651,6069.999999999938,0.0,69314.58280380256,6071.666666666602,309.99999999949074,892.7532424242424,2762.5019999999977,3068.934802259887,2814.8943333333323,3112.639000000002,1615.7241666666666,2991.522720338983,143.62900000000005,95.4309333333333,306.06890000000004,1273.927,24,47.87200000000003,8,0.3333031630102557,growA
34,2016-06-09,276,37781608.919999994,2885775.5100000007,22854758.400000006,180.0000000002914,6299.999999999957,0.0,72460.44783050084,6309.000000000014,350.00000000036437,1028.3763015873017,2761.5338333333334,3096.8283418079113,2815.2800000000016,3117.058499999998,1550.3073333333332,3037.1983248587558,146.00200000000004,95.01393333333336,327.36383333333345,1277.7386666666669,24,49.51000000000002,8,0.33910494376789363,growA
35,2016-06-10,276,37782141.699999996,2894918.5400000005,22854758.400000006,189.99999999869067,6390.000000000102,0.0,73584.33357402489,6386.33333333337,379.99999999738117,995.7522222222221,2756.645333333333,3121.0576666666666,2811.1833333333325,3121.733833333333,1524.2073333333333,3069.2329293785324,175.76799999999997,95.13205,332.9846333333333,1386.1965,24,52.360000000000014,7,0.297892676710209,growA
36,2016-06-11,276,37782657.78,2903967.7,22854758.400000006,180.00000000029144,6420.000000000076,0.0,85109.1099964992,6420.333333333339,360.0000000005826,1111.1250542328041,2735.1400000000012,3084.036666666667,2790.0160000000005,3113.8111666666673,1547.2359067796613,3028.0702655367245,286.5389999999998,95.39773333333333,334.8057000000003,1382.8136666666664,24,99.53799999999995,9,0.34738028680214567,growA
37,2016-06-14,276,37784232.96,2931446.78,22854758.400000006,190.00000000050977,6480.000000000022,0.0,88935.32560558744,6483.666666666681,389.99999999941843,1154.2865355339102,2731.3319999999994,3095.138,2787.2998333333344,3116.863666666666,1508.6366666666668,3038.880850282487,270.018,95.63046666666668,339.62245000000013,1220.055,24,60.588,7,0.2243850409972669,growA
38,2016-06-15,276,37784790.69999999,2940896.62,22854758.400000006,199.999999998909,6659.999999999858,0.0,88407.97779676125,6661.333333333279,389.9999999994183,1101.3445419103311,2740.726166666668,3112.4808163841785,2796.639333333332,3121.2754999999984,1511.3738333333333,3071.977471751412,273.78100000000006,95.93449999999999,355.76115000000027,1206.4855,24,77.805,7,0.2841869961757755,growA
39,2016-06-16,276,37785355.499999985,2950496.53,22854758.400000006,190.00000000050971,6690.000000000283,0.0,86908.40092596714,6694.333333333368,380.00000000101926,1036.7325346320345,2769.245000000003,3126.8069999999984,2825.1654999999996,3124.356999999998,1522.0790000000002,3086.936666666666,245.93599999999998,96.20146666666668,356.51158333333353,1251.4875000000002,24,73.30399999999997,10,0.29806128423654926,growA
40,2016-06-17,276,37785885.84,2960126.5800000005,22854758.400000006,180.00000000029144,6669.999999999616,0.0,90360.3581191448,6664.333333333298,360.0000000005827,986.7827557720061,2797.499999999998,3104.994468926554,2852.5890000000013,3119.3781666666646,1527.2131666666667,3063.5104378531064,264.8180000000001,96.0017166666667,356.60898333333336,1346.2941666666666,24,90.50800000000002,8,0.34177435068613155,growA
41,2016-06-18,276,37786429.980000004,2969731.8500000006,22854758.400000006,189.9999999986907,6680.000000000289,0.0,83623.78690704494,6676.999999999998,379.9999999973809,869.9746581196582,2810.9926666666684,3101.1847542372902,2865.945833333335,3121.7078333333325,1527.905,3062.8012937853105,202.70799999999994,96.01771666666669,356.72045,1558.8471666666665,24,89.01199999999997,9,0.43911439114391143,growA
42,2016-06-21,276,37787931.38,2997949.46,22854758.400000006,180.0000000002914,6119.999999999889,0.0,82908.3648887204,6121.666666666747,360.0000000005827,1202.648873015873,2808.1046666666675,3082.901042372884,2861.6250000000014,3119.806333333332,1563.3356666666664,3017.0778700565006,204.19200000000012,95.9862,313.79776666666675,1524.6531666666665,24,62.83200000000001,8,0.30771039022096836,growA
43,2016-06-22,276,37788482.36000001,3006680.7600000002,22854758.400000006,239.99999999978215,6170.000000000071,0.0,79410.82225327156,6170.999999999973,479.9999999995635,873.3414047619048,2811.7241666666655,3077.6699350282493,2865.374666666664,3116.039833333332,1581.0848333333336,3010.318166666668,186.93999999999994,95.98466666666668,317.8101166666668,1374.855833333333,24,68.81599999999997,8,0.36811811276345346,growA
44,2016-06-23,276,37789322.05999999,3015665.5399999996,22871580.630000003,230.00000000138272,6480.000000000016,44849.99999999853,66095.03973812964,6482.6666666666515,460.0000000027651,997.9154606684981,2933.295,3021.8278446327686,3004.099833333335,3044.827666666669,1580.654833333333,2982.451833333333,378.41600000000017,93.50085000000003,343.91755000000006,1539.174166666667,24,234.8720000000002,9,0.6206714303834936,growA
45,2016-06-24,276,37789620.06,3025173.8399999994,22973287.270000003,59.99999999949079,6650.00000000009,76290.00000000087,17182.419828369482,6649.666666666645,119.9999999989815,1062.0434563492063,3035.782500000001,3019.211333333332,3118.5809999999988,3004.4963333333353,1611.9371723163842,3011.335562146892,201.96,93.81726666666665,357.8568333333333,1431.1951666666669,24,65.82399999999996,8,0.32592592592592573,growA
46,2016-06-25,276,37789759.12,3034765.1999999997,23081581.669999998,39.9999999990542,6670.000000000072,71829.99999999994,13332.59264462909,6666.333333333387,79.99999999810831,742.6326726190476,3040.083443502827,3011.6491610169473,3120.7148333333353,3000.6136666666675,1635.9726666666666,3005.505666666665,165.30799999999996,94.65008333333334,357.95558333333327,1324.8933333333332,24,53.10799999999999,8,0.3212669683257918,growA
47,2016-06-28,276,37790434.34,3063486.63,23334286.84,50.0000000010915,6630.000000000108,71610.00000000058,15589.302762664194,6631.333333333289,100.0000000021828,1040.1653439153438,3013.3683333333342,2989.9521666666674,3091.3541666666665,2980.863166666666,1715.6580000000004,2982.8844971751414,178.01599999999985,94.83075000000001,358.1033833333332,1286.1245000000001,24,70.33999999999997,8,0.3951330217508541,growA
48,2016-06-29,276,37790512.22,3073041.36,23439103.989999995,59.9999999994908,6639.999999999871,62809.99999999946,20307.021075191034,6636.666666666696,119.99999999898152,1147.7430216450216,3010.3791666666652,3005.4333446327682,3086.6555000000026,2997.3458333333347,1709.3856666666666,2996.200615819209,175.861,94.56651666666669,358.35319999999984,1319.6111666666666,24,46.45699999999998,8,0.2641688606342508,growA
49,2016-06-30,276,37790855.85999999,3082603.230000001,23510775.330000006,209.9999999991273,6630.000000000108,31649.99999999963,64597.54933000971,6633.333333333319,419.9999999982541,1163.3187435897437,2940.3413333333338,3011.0793333333327,3009.1311666666666,3014.9816666666657,1672.2628870056496,2981.7039802259883,270.0829999999999,94.51606666666667,358.8291,1359.864,24,72.62299999999996,9,0.26889141486135737,growA
50,2016-07-01,276,37791396.839999996,3092146.8299999996,23560435.59,140.0000000012372,6630.000000000107,36270.00000000044,46753.80615539459,6632.000000000002,280.0000000024738,1019.8218757763975,2948.5006666666677,3002.6119166179597,3019.3962203389815,3008.020000000003,1695.1354999999996,2981.357677089421,199.729,95.38469999999998,358.8279000000001,1286.2689999999998,24,77.80499999999999,8,0.3895528441037605,growA
51,2016-07-02,276,37791861.86000001,3101705.4,23608147.79,159.9999999998548,6650.000000000089,35069.99999999971,51517.73544667471,6648.000000000031,319.99999999970913,1147.7508322829133,2943.763412429379,3004.0488333333337,3014.0634999999997,3007.7303333333357,1718.844,2980.6842193648954,228.06900000000007,95.61653333333332,359.19088333333315,1369.405166666667,24,97.24000000000001,9,0.4263621974051712,growA
52,2016-07-05,276,37793332.98,3130484.43,23806850.83,159.9999999998548,6619.999999999889,48819.99999999972,47429.38511481572,6625.6666666666815,319.9999999997092,1145.148168165168,2968.125500000001,3006.968769043444,3041.2431638418093,3007.1733333333336,1654.4549039548024,2985.4267391041135,293.92900000000003,95.08536666666669,359.3547000000001,1276.6991666666663,24,92.75199999999995,8,0.3155591996706686,growA
53,2016-07-06,276,35930356.160000004,2985168.73,22694521.289999995,174.8448275845666,6576.977011493781,35175.20689655057,43882.4004724355,6295.581699346902,351.40610545466626,1071.3678974358977,2958.1799892246627,3005.1699111225685,3036.1938415641957,3001.6896470920587,1692.5357071895428,2975.3195920793205,232.24720112994345,97.92453976404124,293.8950975872383,1180.5438018389273,24,60.13206779661012,10,0.258914068733883,growA
54,2016-07-07,276,37794504.14,3149378.1000000006,23885697.599999994,260.00000000021885,6470.000000000258,0.0,0.0,6471.6666666666715,520.0000000004372,960.9920238095239,2921.7636379310334,2981.2359700954603,2991.934499999999,2988.3724999999995,1654.3340084745762,2931.61066924544,163.06399999999996,106.61351666666668,0.0,1403.8118333333334,24,67.32000000000001,8,0.41284403669724784,growA
55,2016-07-08,276,37795302.96,3158689.69,23885697.599999994,300.00000000109196,6460.000000000036,0.0,0.0,6465.333333333289,600.000000002183,938.8315357142858,2920.4288569594246,2979.1369655172425,2989.937,2986.420333333334,1642.0256864406774,2924.1955483148254,235.62,106.30766666666672,0.0,1524.2986666666666,24,71.808,8,0.3047619047619048,growA
56,2016-07-09,276,37796137.96,3168005.8000000003,23885697.599999994,279.9999999988364,6469.999999999801,0.0,2.21260977209052,6466.666666666655,559.9999999976724,1012.7883054664633,2921.640447204366,2980.941698263045,2992.0734999999995,2988.4376666666667,1643.036104519774,2927.985163067663,198.96800000000007,106.22538333333335,0.0124666666666667,1394.2078333333334,24,62.08400000000005,9,0.31203007518797005,growA
57,2016-07-12,276,37798604.12000001,3195918.8899999997,23885697.599999994,260.0000000002188,6440.000000000056,0.0,0.0,6439.0000000000655,520.0000000004369,824.9845937950937,2920.4650649717555,2979.8018132260777,2990.081833333333,2986.408500000001,1675.7318623611923,2930.050742450808,151.84399999999994,106.24786666666671,0.0,1327.7371666666666,24,44.88,7,0.2955665024630543,growA
58,2016-07-13,276,37799352.03999999,3205198.05,23885697.599999994,260.0000000002188,6440.000000000055,0.0,0.0,6440.000000000007,530.0000000006551,826.4070238095237,2921.1610000000005,2979.177082505356,2990.723666666665,2986.9551666666657,1685.229,2929.579176212742,160.82000000000002,106.17948333333337,0.0,1228.851666666667,24,60.588,8,0.37674418604651155,growA
59,2016-07-14,276,37800094.6,3214464.7300000004,23885697.599999994,260.00000000021885,6429.999999999838,0.0,0.0,6431.333333333291,510.00000000021913,1094.6495,2920.1170818901437,2978.642249756477,2989.196333333332,2985.843333333334,1686.2820084745763,2930.083565069161,163.80000000000007,106.06070000000004,0.0,1277.8458333333338,24,65.82400000000003,9,0.40185592185592184,growA
60,2016-07-15,276,37800819.7,3223743.4599999995,23885697.599999994,250.00000000000054,6470.0000000002565,0.0,0.0,6466.333333333296,500.00000000000045,765.4198186274509,2920.592872881353,2978.300029740481,2989.623166666667,2985.9451666666664,1694.3688644067795,2930.6152290032514,139.128,105.99735000000003,0.0,1250.0194999999999,24,54.60400000000002,7,0.39247311827957004,growA
61,2016-07-16,276,37801573.580000006,3233029.2100000004,23885697.599999994,270.000000000437,6420.000000000075,0.0,6.947718640093781,6417.000000000069,540.0000000008737,886.8288350815852,2920.278175438598,2977.878764465223,2989.715666666667,2986.1448333333337,1682.3581666666664,2927.1697465661546,175.04499999999993,106.02835000000005,0.0124666666666667,1307.6195000000005,24,68.81599999999997,7,0.3931331943214602,growA
62,2016-07-19,276,37977511.36000001,3260890.11,23885697.599999994,50979.99999999956,6439.999999999602,0.0,0.0,6440.666666666615,101975.99999999985,1081.1258232323232,2919.895833333331,2976.906806156245,2988.543333333334,2984.8648333333326,1716.265166666667,2928.9399548330207,160.812,105.25656666666664,0.0,1310.867333333333,24,31.416000000000018,11,0.19535855533169177,growA
63,2016-07-20,276,38126147.279999994,3270166.4799999995,23885697.599999994,52850.000000000386,6440.000000000056,0.0,0.0,6443.333333333326,105691.9999999998,1079.275681929182,2918.3223333333344,2974.4410020177584,2986.1103333333353,2982.3676666666684,1739.3056666666664,2923.2343244127287,204.26700000000002,104.84694999999999,0.0,1269.7738333333332,24,60.60100000000002,10,0.296675429707197,growA
64,2016-07-21,276,38270406.0,3279447.2100000004,23885697.599999994,37090.000000000146,6450.000000000274,0.0,37532.17728994609,6447.000000000057,74117.99999999967,1127.836559163059,2918.103333333332,2974.375043152152,2984.9275000000002,2980.927500000001,1759.5900000000004,2920.6754223086946,234.23299999999978,104.50481666666667,113.58321666666677,1262.1351666666667,24,64.39199999999992,8,0.274905756234177,growA
65,2016-07-22,276,38329246.620000005,3288649.1100000003,23885697.599999994,21080.00000000175,6309.999999999947,0.0,89159.53236873505,6307.333333333268,28384.000000001102,1071.4723170995674,2917.7307203389837,2972.913627118643,2985.055499999998,2981.076166666666,1735.8754999999999,2909.3662196417395,238.903,104.3813166666667,234.4785666666666,1431.5186666666666,24,61.66099999999999,21,0.25810056801295916,growA
66,2016-07-23,276,38372836.13999999,3297704.5600000005,23885697.599999994,30299.99999999927,6319.999999999711,0.0,92027.37383128365,6320.3333333333685,30311.999999999167,1111.9254246243952,2916.4736666666668,2972.7954120397417,2983.696999999998,2979.6660395480235,1724.779649717514,2896.474926704214,257.698,104.36251666666666,196.68349999999998,1315.2234999999998,24,115.20599999999999,8,0.44705818438637474,growA
67,2016-07-26,276,38482176.4,3320391.6999999997,23893593.869999994,22159.999999999844,4309.999999999944,1920.000000001891,73463.70955410316,4305.6666666665915,22161.999999999884,717.7512087912088,2896.8548333333315,2917.5975000000003,2953.8488022598885,2947.9372937853127,1799.2498333333328,2855.892333333331,209.42799999999997,104.60375000000002,103.71153333333332,1252.1146666666666,24,84.624,7,0.40407204385278,growA
68,2016-07-27,276,38513235.760000005,3326572.4499999997,23896320.65,20979.999999999553,4260.00000000022,1380.00000000102,69186.39088253124,4264.6666666666815,20989.99999999978,975.6406868131869,2900.057333333333,2920.7065790960455,2957.545525423729,2952.561463861291,1809.8724999999997,2861.6259999999966,161.75900000000001,104.48173333333331,101.72136666666664,1237.4326666666666,24,43.47,9,0.26873311531352195,growA
69,2016-07-28,276,38543193.84,3332709.88,23898595.58000001,20580.00000000175,4269.99999999998,2379.999999997378,68063.0782197538,4263.333333333398,20578.000000000247,1028.849505799756,2899.100166666666,2916.0154999999977,2955.100455248291,2947.51148275862,1833.0528587570625,2858.822666666667,178.74699999999996,104.41196666666664,101.30123333333331,1239.9573333333333,24,45.68800000000001,20,0.25560149261246357,growA
70,2016-07-29,276,38571948.94,3338716.6399999997,23883485.92000001,19439.999999998705,4090.000000000147,0.0,65838.95393977291,4090.000000000069,19434.00000000002,1084.8406135531136,2892.381355932203,2911.6994802259896,2945.94745762712,2943.2481384180787,1865.064697740113,2856.8571949152542,166.92600000000002,104.28778898305085,93.90533446327686,1187.0369745762712,24,51.634000000000015,20,0.30932269388830985,growA
71,2016-07-30,276,38601374.1,3344719.7000000007,23900847.650000013,21959.999999999138,4309.9999999999445,1330.00000000175,74390.02521453693,4310.33333333329,21953.999999998992,867.7255233918127,2895.1251666666653,2918.317,2949.9292062146906,2945.7113389830506,1839.0811666666666,2854.350166666666,202.87499999999997,104.35276666666665,103.64630000000001,1084.6734999999999,24,79.25999999999999,8,0.39068391866913127,growA
72,2016-08-02,276,38701371.660000004,3364005.52,23914083.51000001,26779.99999999882,4900.000000000091,1450.0000000007299,85801.05799817384,4902.666666666679,26779.999999998847,1143.3943473389354,2908.2339999999986,2940.824816384181,2970.494480225988,2964.796536723165,1720.9768333333334,2865.674480225989,251.481,103.61198333333333,132.32980000000003,1190.0143333333333,24,69.56499999999997,21,0.27662129544577907,growA
73,2016-08-03,276,38738880.019999996,3370914.5,23916669.390000008,23159.99999999985,4519.999999999983,2199.999999997086,73322.50058841615,4517.999999999983,23159.999999999854,1079.1421746031745,2905.9874999999997,2926.54903597978,2966.690508474577,2959.0296666666645,1742.6233333333334,2862.702833333334,202.79500000000013,103.54185,114.2058666666667,1207.3856666666663,24,53.76500000000004,9,0.2651199487166844,growA
74,2016-08-04,276,38773978.5,3377797.5499999993,23921463.970000006,24900.00000000146,4930.00000000029,4490.0000000016,78685.08823350242,4934.666666666741,24890.000000001237,1139.6567564935062,2906.821333333335,2935.1124942528722,2968.4162768361575,2958.7407288135573,1762.23,2870.2918559322034,216.95000000000005,103.97481666666665,134.30484999999996,1171.4069999999997,24,63.58900000000001,10,0.2931044019359299,growA
75,2016-08-05,276,38808285.29999999,3384556.6599999997,23927414.659999993,23439.99999999868,4549.999999999728,2770.00000000044,75516.15168066046,4544.333333333288,23433.99999999856,957.4550292397661,2904.977333333335,2928.0275677966088,2965.2036666666654,2957.322042372883,1765.615,2862.8580000000006,203.4230000000001,104.47794999999999,115.35686666666669,1145.5003333333334,24,74.80300000000001,7,0.367721447427282,growA
76,2016-08-06,276,38841992.52,3391053.6399999997,23931626.120000012,24139.999999999425,4510.000000000217,3590.00000000014,77436.28552385698,4510.000000000021,24147.99999999959,953.1329981962482,2901.624499999999,2923.7019999999998,2961.4822715760743,2952.9592062146903,1735.0098333333333,2857.030166666666,237.27000000000004,104.16181666666664,113.08844999999998,1114.2775000000001,24,73.28900000000003,12,0.30888439330720285,growA
77,2016-08-09,276,38946518.94,3411274.1,23942732.96000001,23040.000000000888,4470.000000000255,3909.99999999985,70546.62340819543,4474.99999999997,23036.00000000079,1153.9398095238093,2910.355,2932.418104519777,2974.065824858756,2964.067333333334,1707.2153192090398,2871.1443248587557,175.97800000000004,103.71340000000001,111.85453333333336,1353.9245,24,53.242000000000026,9,0.30254918228414923,growA
78,2016-08-10,276,38981081.46,3417878.2800000003,23947533.02000001,24760.000000002034,4719.999999999798,2770.0000000004297,76481.8949699118,4718.3333333333385,24770.000000000433,1225.6625714285715,2908.137666666665,2936.4722881355924,2970.233833333331,2961.7504943502818,1726.49,2868.2125689655168,204.94799999999995,103.57796666666667,124.3209833333333,1379.3333333333333,24,58.318000000000026,8,0.28455022737474894,growA
79,2016-08-11,276,39015553.66,3424513.55,23951476.31,21799.999999999265,4309.999999999945,2839.999999996507,68385.27060545135,4316.000000000034,21790.000000000153,964.3302820512818,2902.4889999999978,2920.5358333333334,2962.315166666665,2954.1300338983046,1755.8613333333337,2862.0360000000014,179.41699999999997,103.48454999999997,104.2963,1337.9320000000002,24,56.73100000000001,10,0.31619634705741384,growA
80,2016-08-12,276,39047270.519999996,3430838.33,23956594.83000001,21559.999999997668,4390.000000000328,3090.00000000014,69278.74228505275,4391.000000000033,21589.999999999774,1166.0834563492062,2903.940833333331,2924.0731666666643,2962.815593220341,2954.580098870057,1800.624,2863.988333333335,182.61499999999998,103.52608333333332,108.1777,1304.1946666666663,24,35.18599999999998,10,0.19267858609643232,growA
81,2016-08-13,276,39078001.36,3436956.650000001,23959250.19000001,22540.000000000884,4309.999999999946,1900.0000000014602,74567.21922063307,4305.666666666607,22509.999999999487,1114.292237117721,2896.012333333335,2918.1693333333355,2950.4614011299427,2945.360403954801,1858.483880952381,2850.271333333332,231.72299999999996,103.43408333333335,102.00508333333336,1236.8366666666666,24,78.51599999999999,9,0.33883559249621314,growA
82,2016-08-16,276,39172817.2,3455409.64,23959708.880000003,23859.999999996955,4490.000000000235,950.000000000728,79924.85545955451,4489.666666666669,23867.999999998574,1091.74915018315,2896.041499999999,2923.9981666666654,2951.4260734463287,2946.6762118644083,1850.9978333333338,2849.284166666667,242.25399999999996,103.52273333333329,113.00800000000001,1145.5205,24,68.76599999999993,9,0.28385909004598453,growA
83,2016-08-17,276,39204937.49999999,3461743.0699999994,23961038.400000006,21100.00000000216,4339.999999999689,0.0,68704.57367175176,4336.999999999915,21092.000000000553,1043.2424523809525,2899.7713333333354,2924.0829887005666,2956.9628474576284,2953.261050104073,1843.7872316384182,2861.205960451978,180.2810000000001,103.53268333333335,105.55516666666668,1105.6096666666667,24,41.18599999999997,20,0.2284544683022612,growA
84,2016-08-18,276,39237453.99999999,3468195.239999999,23961038.400000006,22939.999999998683,4510.000000000219,0.0,71399.2122286576,4508.000000000023,22943.99999999877,1236.824375901876,2894.1391666666655,2918.90099717514,2949.619782485874,2946.1077062146896,1854.4604999999997,2854.2675,229.63699999999986,103.37653333333333,108.13486666666668,1078.6550000000002,24,65.06399999999995,7,0.2833341316948052,growA
85,2016-08-19,276,39268599.24,3474412.610000001,23961038.400000006,20979.999999999578,4199.999999999815,0.0,72004.79775386868,4199.3333333333485,20973.99999999945,1016.0487433862435,2889.8289999999997,2911.186666666666,2942.065008474576,2939.5092542372863,1901.4070000000002,2847.484333333338,216.80599999999998,103.24539999999999,99.41256666666666,899.4661666666668,24,81.54499999999997,8,0.3761196645849284,growA
86,2016-08-20,276,39298146.940000005,3480355.28,23961038.400000006,19960.000000002754,4050.0000000001824,0.0,69300.93665785463,4059.99999999996,19966.000000002176,1196.1715027680652,2881.7571666666663,2895.9663333333356,2930.6356997857,2926.452242937853,1929.8578333333335,2838.1369999999984,243.13300000000004,103.16259999999996,91.3227833333333,880.166166666667,24,116.68000000000002,8,0.47990194667116354,growA
87,2016-08-23,276,39090448.4,3472029.14,23782402.65999999,22665.000000007236,4449.999999999363,2279.99999999884,71757.91833972416,4482.96491228049,22879.846153852413,989.0894224386723,2899.6834591836737,2922.5280204081605,2959.1330942003933,2952.9297877896943,1778.0851536723162,2863.7893666666655,180.72446938775502,103.13152142857142,110.33218367346939,1033.3433,24,58.352999999999994,8,0.32288378102690785,growA
88,2016-08-24,276,39426563.220000006,3505444.9899999993,23969385.16999999,25859.999999996944,4829.999999999928,2499.999999999998,81040.03098508058,4829.999999999927,25859.99999999694,1030.0703285024154,2902.0728333333327,2927.823971751411,2960.636334891876,2952.310294272359,1742.6,2860.344666666667,258.0609999999999,102.99434999999998,127.91908333333333,1146.6681666666668,24,87.44199999999995,8,0.33884236672724655,growA
89,2016-08-25,276,39460255.46,3512068.4899999993,23973336.03999999,21260.000000002026,4320.000000000164,3930.00000000029,67535.09445193433,4319.666666666747,21280.00000000175,981.4880075757577,2901.034333333333,2919.865166666669,2959.0240706214677,2949.97495110072,1792.949336158192,2860.0626666666676,173.50900000000004,103.02669999999999,104.34453333333332,1037.3080000000004,24,44.85200000000005,8,0.25849955910068084,growA
90,2016-08-26,276,39490354.08000001,3518116.9599999995,23976382.040000007,20360.000000000593,4110.000000000127,760.000000002037,66733.68170644782,4109.33333333334,20340.00000000087,873.936607142857,2892.516666666665,2910.145333333334,2945.8708416130926,2941.402282485877,1819.7025,2853.298833333334,175.09300000000007,102.98289999999997,94.14391666666668,1024.4508333333333,24,54.56400000000001,8,0.3116286773314752,growA
91,2016-08-27,276,39520260.94,3524096.0600000005,23976518.400000006,22340.00000000015,4289.999999999962,0.0,70290.63951495424,4298.3333333332685,22338.000000000116,780.7543741830065,2898.6968333333325,2921.046090395479,2956.233564971755,2951.878002824861,1758.8065,2858.457666666668,169.0580000000001,103.48526666666669,103.05141666666665,1209.8058333333338,24,50.875000000000014,10,0.30093222444368195,growA
92,2016-08-30,276,39617879.40000001,3543063.039999999,23995072.540000014,22400.000000001448,4340.000000000147,4360.000000000582,67594.88856101995,4337.999999999951,22413.999999999945,906.6379772727274,2906.0589999999984,2925.844500000002,2969.527033898306,2958.063460451975,1681.1579999999997,2868.030166666664,137.47199999999995,104.12758333333332,105.04665,1272.3701666666666,24,38.194999999999986,18,0.27783839618249534,growA
93,2016-08-31,276,39652798.36,3549482.83,24002659.730000004,25879.999999997384,4569.999999999709,4669.999999998259,80726.28841123357,4570.666666666573,25865.999999998894,1027.1085295698924,2905.245333333331,2927.820500000001,2967.555720338982,2957.1092401129954,1677.0269999999996,2859.8803163841826,249.49699999999996,103.98958333333329,117.01798333333333,1442.8575000000005,24,107.47600000000003,8,0.430770710669868,growA
94,2016-09-01,276,39689325.739999995,3556041.84,24009352.090000004,24420.00000000189,4480.000000000018,5069.999999999705,76198.72336646431,4492.666666666675,24432.000000001433,1046.1807855020797,2906.0510000000013,2928.0851242937856,2969.269706214689,2959.033629943501,1678.6932570621473,2863.037666666666,209.53299999999993,104.08603333333332,112.79718333333332,1366.1596666666665,24,65.21100000000001,7,0.31122066691165606,growA
95,2016-09-02,276,39723974.68,3562523.9699999993,24015268.3,24459.999999999116,4600.000000000365,2520.0000000004366,75909.86095920282,4584.00000000018,24437.99999999936,955.5082449494948,2909.44427118644,2937.370833333331,2974.2139915254247,2965.237677966103,1686.3994209039547,2869.5841666666684,193.797,103.83861666666667,116.69995000000002,1367.0371666666665,24,54.57600000000001,9,0.28161426647471327,growA
96,2016-09-03,276,39760663.52,3569364.39,24017267.74000001,27279.999999998832,5069.999999999707,1080.00000000175,84518.38662281555,5068.666666666573,27293.99999999912,1010.6670927318296,2908.1556666666656,2945.346892655367,2973.594703389832,2968.2344011299456,1678.9725000000003,2873.690877167351,233.653,103.35971666666664,140.14218333333335,1322.661,24,59.88800000000004,8,0.2563117101000203,growA
97,2016-09-06,276,39870528.36,3589784.38,24038921.37,22720.00000000119,4360.000000000126,5309.999999997666,69306.28585840407,4368.333333333461,22728.000000001328,823.192895104895,2910.3967683615806,2928.5901666666673,2977.4833561270216,2964.935971751413,1650.3553333333336,2870.849121468929,152.66299999999998,103.05843333333331,106.7378,1390.4571666666664,24,47.13100000000002,10,0.3087257554220736,growA
98,2016-09-07,276,39902213.339999996,3596013.0300000003,24053570.060000014,23159.999999999858,4519.999999999983,9810.00000000132,69209.06707605957,4518.9999999999745,23165.99999999889,943.5282907647909,2912.6164999999996,2929.8929011299447,2978.2268433664517,2958.9724378531064,1658.886060393532,2872.3266016949174,164.94799999999992,103.03190000000001,114.31734999999999,1470.2059999999994,24,60.11399999999993,8,0.3644421272158496,growA
99,2016-09-08,276,39936938.8,3602677.05,24065222.40000001,24919.999999998246,4650.000000000091,7349.999999998543,75924.75255228605,4649.333333333215,24905.99999999904,941.4362500000002,2906.6959999999985,2927.2528333333344,2970.3216666666663,2955.1173232028045,1658.2954999999997,2863.816666666667,210.24500000000006,103.0454833333334,119.47786666666667,1401.5548333333336,24,80.088,8,0.38092701372208604,growA
100,2016-09-09,276,39973577.739999995,3609446.3299999996,24071445.509999998,26299.999999999276,4789.999999999964,2290.00000000087,62302.99636958791,4788.999999999988,26307.999999999443,979.8095714285715,2937.2953820377957,2976.2846666666633,3008.758166666667,3002.370940677965,1660.2236892655367,2901.401302259886,163.82699999999994,103.03623333333333,98.9734666666667,1199.5433333333335,24,37.27300000000002,20,0.2275143901798851,growA
101,2016-09-10,276,40013567.900000006,3616444.059999999,24071760.0,28780.00000000249,5009.999999999765,0.0,63978.45812625828,5007.333333333356,28788.000000001197,876.1640894522145,2967.588178160917,3003.6594999999998,3041.231166666669,3037.411999999998,1674.1638333333333,2923.0114435028254,228.8709999999999,103.13701666666667,99.00933333333334,1225.0830000000003,24,81.49099999999997,7,0.35605646849098405,growA
102,2016-09-13,276,40127696.06,3637232.7699999996,24071760.0,27159.99999999985,4650.000000000089,0.0,54905.063020086396,4653.333333333361,27119.999999998974,955.02401010101,2968.6928079096037,3003.513765536723,3041.670833333333,3038.791166666666,1686.338694915254,2928.1651911163044,181.76399999999995,102.99108333333332,77.09648333333334,1001.9405,24,49.40499999999996,12,0.27180849893268183,growA
103,2016-09-14,276,40164946.92,3643948.0399999996,24071760.0,25400.000000001466,4769.99999999998,0.0,73525.957865232,4766.666666666637,25402.000000001502,956.7997229437228,2966.7132598870053,3003.2033050847454,3039.788500000003,3035.8556666666645,1710.5948587570622,2928.2548808688875,154.0980000000001,102.72186666666666,113.76861666666666,1006.3223333333332,24,46.302000000000056,20,0.30047112876221643,growA
104,2016-09-15,276,40203101.94,3650769.4599999995,24071760.0,29299.999999999283,4890.000000000326,0.0,91189.08300434407,4890.66666666672,29309.99999999949,1183.1187484182483,2971.1144152542347,3011.8528983050837,3044.374833333336,3040.5986666666677,1689.5528333333336,2921.063784434055,248.548,102.52630000000002,123.89741666666666,1218.4651666666668,24,54.56599999999998,13,0.21953908299402924,growA
105,2016-09-16,276,40245229.059999995,3658164.42,24071760.0,26979.99999999956,4959.999999999581,0.0,86302.58993058694,4959.66666666659,26977.99999999951,1006.2671964285712,2969.350646892654,3007.02620338983,3042.6804999999995,3038.1091666666675,1684.533166666667,2926.5845254237297,202.91599999999994,102.47353333333335,134.56085,1249.1498333333334,24,59.90199999999996,7,0.295205898007057,growA
106,2016-09-17,276,40287222.2,3665188.7099999995,24071760.0,30799.999999999265,4960.000000000037,0.0,100579.46465814818,4963.3333333333185,30791.999999999083,891.2312369405955,2961.0662033898307,2998.6956666666674,3034.2960000000026,3030.334833333332,1662.1520875706217,2913.1639471069543,273.865,102.14390000000003,134.39703333333333,1463.686,24,130.824,10,0.47769521479561106,growA
107,2016-09-20,276,40403155.440000005,3685991.2399999993,24071760.0,25340.000000000167,4829.999999999929,0.0,78496.68302183817,4826.333333333285,25331.99999999998,777.6749267399267,2967.664528248587,3003.0520000000006,3042.4770000000008,3038.550333333333,1656.0295,2934.4016694915285,130.992,101.74498333333335,128.15651666666668,1158.7798333333333,24,39.72700000000004,8,0.30327806278246033,growA
108,2016-09-21,276,40440322.92,3692775.8099999996,24071760.0,26039.999999997242,4750.000000000002,0.0,81301.36254381175,4749.999999999984,26057.999999997628,872.794392857143,2971.4903785310744,3004.4843333333333,3046.334999999999,3041.1711666666674,1654.7838333333334,2935.50310862866,145.63699999999994,101.36180000000002,124.10914999999999,1158.769,24,35.90899999999996,13,0.24656508991533727,growA
109,2016-09-22,276,40477519.080000006,3699688.6199999996,24071760.0,25080.000000001724,4809.999999999945,0.0,77945.76800707671,4814.666666666606,25082.00000000105,630.2135476190476,2963.6283390804606,3002.131166666666,3038.191999999999,3034.2098333333342,1664.394884180791,2934.2510084745772,106.16800000000002,101.44703333333335,127.59315,1123.2103333333332,24,35.92400000000004,8,0.338369376836712,growA
110,2016-09-23,276,40514141.339999996,3706809.1799999997,24071760.0,27200.000000000757,5090.000000000147,0.0,83305.23116600642,5087.0000000001555,27190.000000001248,779.2733547619046,2965.324812550445,3010.5158333333306,3041.2985000000017,3038.421666666665,1616.7598333333333,2938.128367816091,139.78399999999996,101.33020000000003,140.39698333333334,1286.3535,24,40.40200000000003,8,0.2890316488296231,growA
111,2016-09-24,276,40553601.33999998,3714006.5500000003,24071760.0,28499.999999999993,4909.999999999856,0.0,88909.93275404457,4902.999999999838,28489.999999999785,800.9513416803504,2969.167723163841,3009.204333333334,3045.1516666666685,3040.777166666666,1630.1961666666668,2934.0663333333337,164.80700000000002,101.20604999999999,132.29643333333334,1252.8265000000004,24,62.84299999999999,9,0.381312686961112,growA
112,2016-09-27,276,40702730.92,3735097.76,24071760.0,37600.00000000217,4850.000000000364,0.0,129567.99200774435,4856.333333333413,37570.00000000079,1318.9957125506075,2970.8346581920932,3008.2708785310747,3044.269499999998,3040.798833333333,1688.352727644652,2896.393100233783,466.64600000000024,101.98145000000001,129.5439666666667,1168.0988333333335,24,253.55200000000022,1,0.5433497769186924,growA
113,2016-09-28,276,40742601.02,3741795.06,24071760.0,27360.000000000568,4909.999999999853,0.0,87073.7571408367,4907.666666666606,27370.000000000815,927.8286666666665,2970.895833333333,3006.976906779661,3045.747666666667,3041.159333333333,1673.0786666666665,2932.04855954761,187.80100000000013,102.46454999999999,131.45435,1050.1705000000002,24,66.52000000000001,8,0.3542047166947991,growA
114,2016-09-29,276,40783668.32,3748998.9299999997,24071760.0,29340.00000000012,4909.999999999856,0.0,46239.66621984606,4903.333333333331,29339.999999998327,928.9867142857142,2974.244666666665,3016.5402288135597,3050.1359999999995,3047.599833333334,1638.134940677966,2934.462483454401,172.843,102.54003333333331,71.19619999999999,1021.4956666666667,24,59.86100000000005,9,0.3463316420103797,growA
115,2016-09-30,276,40824599.23999999,3755934.670000001,24071760.0,27959.99999999912,4940.000000000056,0.0,78820.42096230952,4940.666666666721,27944.000000000597,980.5568333333334,2968.3881666666684,3005.7349999999983,3044.5548333333345,3039.644999999999,1642.3516666666667,2929.523833333333,183.98899999999995,102.62469999999998,120.50008333333332,1037.6163333333334,24,63.58200000000001,9,0.3455750072015176,growA
116,2016-10-01,276,40866700.9,3763305.4299999997,24071760.0,31220.000000001164,5230.000000000017,0.0,93648.76981474459,5232.666666666667,31218.000000001128,849.9889206349208,2960.7232485875707,3007.2982994350305,3037.184333333333,3034.5548333333345,1610.1433813559324,2924.3533192090413,218.556,102.45293333333336,140.06978333333333,1243.181666666667,24,92.02000000000002,8,0.4210362561540293,growA
117,2016-10-04,276,41003117.01999999,3786047.9099999997,24071760.0,34119.999999999,5400.000000000091,0.0,102802.10574695315,5409.666666666742,34159.999999998756,1032.5442441475682,2974.6193333333313,3021.753666666665,3052.3618333333347,3047.4568333333327,1560.974,2932.254129359049,294.08700000000016,102.21106666666668,156.4448,1419.0228333333334,24,81.56599999999997,9,0.27735330021388205,growA
118,2016-10-05,276,41050305.22,3793753.6999999993,24071760.0,30180.00000000029,5339.999999999691,0.0,90902.22392235979,5325.999999999917,30136.00000000042,852.3691630591632,2969.4630056497176,3021.4161468926545,3046.8681666666657,3044.162500000003,1583.3917514124294,2941.479019774011,180.4169999999999,102.27221666666668,152.1450666666667,1368.9424999999999,24,65.08599999999994,9,0.3607531441050455,growA
119,2016-10-06,276,41094631.80000001,3801415.8000000007,24071760.0,32580.000000001735,5410.000000000309,0.0,97948.6628778876,5410.666666666781,32620.000000000433,1084.5409395424838,2971.4086355932213,3019.3568333333333,3048.328166666667,3043.0288333333338,1557.8086666666668,2934.306844632766,228.15800000000002,102.08396666666671,156.55581666666666,1376.1456666666668,24,66.58000000000003,9,0.2918153209617897,growA
120,2016-10-07,276,41142807.9,3809371.310000001,24071760.0,33739.99999999798,5399.999999999638,0.0,100686.37463545968,5408.333333333196,33699.99999999928,905.2126416361416,2970.8573505747136,3023.363644067799,3049.6661666666664,3046.6915000000004,1539.9958333333334,2935.737841126047,233.39200000000005,102.08906666666668,156.31336666666664,1438.3695000000002,24,68.82799999999999,8,0.2949029958181941,growA
121,2016-10-08,276,41191859.620000005,3817073.88,24071760.0,34860.0000000006,5620.000000000344,0.0,107058.79256459452,5618.333333333445,34858.000000000546,1046.9701550604568,2965.3425395480235,3018.5430000000006,3043.31616666667,3038.223333333333,1549.7466666666664,2925.83281355932,296.25999999999993,101.72463333333334,166.60925000000003,1730.0965,24,119.634,9,0.40381421724161215,growA
122,2016-10-11,276,41342535.42,3840978.05,24071760.0,35299.99999999928,5370.000000000346,0.0,104547.67625662372,5366.333333333386,35305.99999999941,724.9661099849851,2966.375559322031,3025.2560197740104,3046.4880000000007,3044.30266666667,1524.9685,2938.157333333336,212.99299999999997,101.54270000000001,155.6476166666667,996.4623333333335,24,67.30799999999999,20,0.3160103853178274,growA
123,2016-10-12,276,41390502.46,3848639.95,24071760.0,32760.000000002037,5319.999999999709,0.0,95174.56006578177,5322.333333333246,32770.00000000225,995.9463784620397,2973.6908418079097,3022.583166666668,3053.4653333333354,3049.3693333333317,1530.8718333333331,2943.1569915254245,212.34699999999998,101.59398333333333,152.06233333333333,1040.0788333333333,24,84.58500000000001,19,0.398333859202155,growA
124,2016-10-13,276,41439308.3,3856585.6099999994,24071760.0,32479.99999999957,5680.000000000289,0.0,93890.12796165625,5681.333333333412,32463.999999999203,823.9317142857142,2974.6930621468937,3028.8990000000017,3053.2183333333346,3047.606666666667,1527.477666666667,2948.413535359441,211.85200000000006,101.58063333333331,171.0172833333333,1563.7148333333334,24,64.25200000000001,8,0.30328720049846114,growA
125,2016-10-14,276,41415849.44,3859928.4200000004,24092875.399999995,13344.137931033705,6277.5862068967945,66962.75862068859,27183.895037927003,6273.022988505829,13369.020408164186,1010.9198662660866,2939.300171520267,2900.4402183908046,3015.3298513539844,2905.788888752051,1536.4132068965516,2877.8073620689643,247.72379310344826,100.66575517241381,162.81406724137935,1513.2472241379305,24,62.823,18,0.25360099331986824,growA
126,2016-10-18,276,41636258.48,3900372.6300000004,24278052.52999999,33180.00000000026,6289.999999999965,7329.999999998109,0.125931066822991,6286.333333333352,33171.999999999745,944.5758107725608,2867.0290593220357,2910.9747401129903,2923.369666666667,2908.9066666666663,1451.8043333333328,2855.241666666664,194.69000000000003,102.56054999999998,0.0122666666666667,1633.598,24,56.97400000000001,18,0.29263958087215575,growA
127,2016-10-19,276,41683725.660000004,3909415.4200000004,24296014.970000006,31559.99999999765,6269.999999999984,24240.0000000016,11.7562712778429,6269.000000000023,31576.000000000196,987.939478680361,2883.279666666665,2904.2553022598863,2943.374333333334,2903.6633333333325,1460.3451666666665,2849.9955,260.1830000000001,102.40865,0.0124666666666667,1566.497,24,98.64599999999999,17,0.3791408354888673,growA
128,2016-10-20,276,41729610.02000001,3918473.82,24324499.790000003,33200.00000000072,6349.999999999911,9239.999999997961,0.0,6349.000000000009,33199.999999999665,770.7113440799396,2869.1345000000033,2910.549257062147,2925.617279661017,2908.512666666669,1457.5469999999998,2855.688333333334,183.35399999999993,102.57584999999999,0.0,1763.514666666667,24,50.124999999999964,18,0.27337827372187123,growA
129,2016-10-21,276,41777731.86,3927673.4899999998,24336906.090000004,32560.00000000129,6389.999999999876,11450.00000000072,0.0,6393.999999999974,32560.000000000582,710.2782500000001,2872.113,2910.2326242937856,2929.6553333333345,2909.267499999998,1452.8451666666667,2859.955666666666,167.5900000000001,102.84355,0.0,1686.3464999999997,24,61.32199999999999,8,0.36590488692642736,growA
130,2016-10-22,276,41825367.68000001,3936883.6500000004,24361120.649999995,34020.00000000044,6400.000000000093,17919.99999999826,0.0,6401.000000000007,34022.00000000049,934.0845504518874,2877.8696666666647,2907.8596694915254,2935.901999999999,2906.608833333335,1463.0486666666666,2851.9025000000006,265.50700000000006,102.5984,0.0,1521.2915,24,108.45000000000006,9,0.408463806980607,growA
